BUILDING #,REG CODE,BUILDING NAME,ADDRESS,CITY,OCC DATE,CONST DATE,CONST TYPE,# OF FLOORS,GROSS SQFT,NET RM SQFT,BLDG REP,BLDG REP PH,STATUS,BLDG USE CODE,BLDG USE
50987000,,100 S. Gay St-(Gallery 1010 @Emporium),100 South Gay Street,KNOXVILLE,1/1/00,7/1/21,N/A,1,1153,1153, ,,ACTV,26,Art - Studio
50131900,UTP,11th Street Parking Garage (G13),1101 Cumberland Avenue,KNOXVILLE,1/1/03,,N/A,10,467301.57,455479.53,Troy Lane,865 974-6631,ACTV,77,Parking Garage
50128100,UA1,1525 University Ave,1525 University Ave,KNOXVILLE,1/1/02,5/1/14,BRICK,2,17399.27,15482.35,Amy King,865 974-2119,ACTV,30,Office - 1
50128300,UA2,1610 University Ave,1610 University Ave,KNOXVILLE,1/1/02,5/1/14,BRICK,2,28198.5,25397.85,Tomi Rogers,865 974-1535,ACTV,30,Office - 1
50131600,MA1,1817 Melrose Avenue,1817 Melrose Avenue,KNOXVILLE,1/1/40,,BRICK,3,4239.1,3494.08,Ashley Blamey,865 974-9600,ACTV,30,Office - 1
50125400,TA2,2106 Terrace Avenue,2106 Terrace Avenue,KNOXVILLE,1/1/75,,N/A,3,2612.45,2116.51,Elizabeth Derryberry,865 974-3065,ACTV,55,Warehouse / Storage - 3
50125600,TA3,2110 Terrace Avenue,2110 Terrace Avenue,KNOXVILLE,1/1/40,,N/A,3,2606.6,2145.96,Brian Browning,865 974-3061,ACTV,35,Other Academic - 2
50137300,WHS,2111 Stephenson Drive - Warehousing Offices,2111 Stephenson Drive,KNOXVILLE,1/1/90,3/8/06,METAL,1,2570.36,2409.48,Jeffrey Wattenbarger,865 974-3120,ACTV,30,Office - 1
50137600,22D,22nd Street Duplex,913 & 915 22nd Street,KNOXVILLE,1/1/30,,N/A,4,5786.32,4305.71,Derek Bailey,865 659-6377,ACTV,23,Research Lab 1
50986700,,303 Flats,303 W. Blount Ave.,KNOXVILLE,1/1/15,8/15/20,MIXED,0,0,0, ,,ACTV,51,Dwelling
50121400,APG,Administration Parking Garage,1530 Lake Loudon Blvd,KNOXVILLE,1/1/67,,CONCRETE,2,346613.9,341236.49,Mark Hairr,865 974-6031,ACTV,77,Parking Garage
50144800,ACO,Alpha Chi Omega Sorority,2912 Sorority Village Circle,KNOXVILLE,1/1/12,,BRICK,3,15000,13500,Jennifer Thomas,865 974-2236,ACTV,70,Dormitory
50145200,ADP,Alpha Delta Pi Sorority,2621 Ann Baker Furrow Blvd,KNOXVILLE,1/1/12,,BRICK,3,17500,15750,Jennifer Thomas,865 974-2236,ACTV,70,Dormitory
50115200,AGR,Alpha Gamma Rho Fraternity House,1840 Fraternity Park Drive,KNOXVILLE,1/1/65,,BRICK,3,16663.7,14443.96,Jennifer Thomas,865 974-2236,ACTV,70,Dormitory
50145000,AOP,Alpha Omicron Pi Sorority,2509 Ann Baker Furrow Blvd,KNOXVILLE,1/1/12,,BRICK,2,17000,15300,Jennifer Thomas,865 974-2236,ACTV,70,Dormitory
50115300,ATO,Alpha Tau Omega Fraternity House,1812 Fraternity Park Drive,KNOXVILLE,1/1/65,,BRICK,3,15927,11328,Jennifer Thomas,865 974-2236,ACTV,70,Dormitory
50170900,AER,Alternative Energy Research Support Building 1,1760 Alcoa Hwy,KNOXVILLE,1/1/11,5/1/11,N/A,1,423.96,319.17,Derek Bailey,865 659-6377,ACTV,16,Science - 3
50110500,AMB,Alumni Memorial Building,1408 Middle Drive,KNOXVILLE,1/1/32,,BRICK,6,113823.83,86107.61,Douglas Canfield,865 974-6494,ACTV,11,Classroom - 2
50137100,ATC,Anderson Training Center,1551 Lake Loudoun Blvd,KNOXVILLE,1/1/13,3/8/13,BRICK,4,155373.62,138534.04,Matthew Hollifield,865 974-1224,ACTV,67,Athletic Facilities
50134200,,Andy Holt Avenue Gate,Andy Holt Avenue at 20th Street,KNOXVILLE,1/1/19,,N/A,0,1,0, ,,ACTV,78,Other Auxiliary
50110220,AHT,Andy Holt Tower,1331 Circle Park,KNOXVILLE,1/1/68,,BRICK,13,105832.09,87799.11,Brian Browning,865 974-3061,ACTV,30,Office - 1
50129600,CMC,Andy Holt Tower-Communications Chiller Building,1601 Phillip Fulmer Way,KNOXVILLE,1/1/66,1/1/66,CONCRETE,1,5330,0,Wesley Willoughby,865 771-0467,ACTV,37,Central Plant
50161900,ANL,Animal Science Laboratory,2429 Fletcher Luck Lane,KNOXVILLE,1/1/46,,N/A,1,1245.35,1068.46,William Thomas,865 974-8387,ACTV,23,Research Lab 1
50179100,ASH,Animal Shelter,2023 Medical Center Way,KNOXVILLE,1/1/85,,N/A,1,980,912,William Thomas,865 974-8387,ACTV,46,Farm Building - 1
50130800,AFC,Aramark Food Court - Cumberland,1659 Cumberland Avenue,KNOXVILLE,9/1/14,,BRICK,1,10564.93,9581.74,Brian Browning,865 974-3061,ACTV,75,Food Service 
50127600,ARA,Architecture Research Annex,2124 Terrace Avenue,KNOXVILLE,1/1/40,,BRICK,3,2743.16,2325.91,Kevin Stevens,865 974-3267,ACTV,26,Art - Studio
50983300,AEM,Art Emporium - 106 S. Gay,106 S. Gay Street,KNOXVILLE,1/1/00,9/1/14,N/A,1,1600,0, ,,ACTV,26,Art - Studio
50110600,AAB,Art and Architecture Building,1715 Volunteer Boulevard,KNOXVILLE,1/1/75,,CONCRETE,4,178352.38,165524.82,Kevin Stevens,865 974-3267,ACTV,26,Art - Studio
50110100,APB,Austin Peay Building,1404 Circle Drive,KNOXVILLE,1/1/10,,BRICK,5,64156.71,54921.76,Gina Owens,865 974-2204,ACTV,23,Research Lab 1
50136500,AUX,Auxiliary Services Building,2021 Stephenson Drive,KNOXVILLE,1/1/61,2/1/88,MIXED,1,53234.32,52532.75,Timothy Price,865 974-4425,ACTV,31,Office - 2
50111300,AYR,Ayres Hall,1403 Circle Drive,KNOXVILLE,1/1/21,,BRICK,6,98587.69,74232.74,Larry McKay,865 974-4378,ACTV,10,Classroom - 1
50991300,,B.H. Pentecost,2025 Walnut Hills Drive,KNOXVILLE,1/1/95,5/31/22,BRICK,2,2960,2664, ,,ACTV,73,Single Family Dwelling
50160800,BES,BESS Storage Building,2506 E J Chapman Drive,KNOXVILLE,1/1/06,3/20/06,N/A,1,819.26,725,Joseph Cagle,865 548-2428,ACTV,53,Warehouse / Storage - 1
50160900,BET,BESS Tank & Equipment Storage,2506 E J Chapman Drive,KNOXVILLE,1/1/83,,N/A,1,625,0,Joseph Cagle,865 548-2428,ACTV,55,Warehouse / Storage - 3
50139600,BTS,Barksdale Tennis Stadium,1015 20th Street,KNOXVILLE,1/1/78,,BRICK,1,4277.82,3521.36,Jonathan Mary,865 974-1224,ACTV,67,Athletic Facilities
50166300,GAZ,Bealle Rose Garden Gazebo,2518 Jacob Drive,KNOXVILLE,9/1/09,,N/A,1,346.41,262.88,James Newburn,865 974-7256,ACTV,34,Other Academic -1
50115800,PSK,Beta Upsilon Chi Fraternity House,1800 Fraternity Park Drive,KNOXVILLE,1/1/65,,BRICK,3,13773.01,12824,Jennifer Thomas,865 974-2236,ACTV,70,Dormitory
50160600,BEL,Biosystems Engineering and Soil Science Labs Building,2500 E J Chapman Drive,KNOXVILLE,1/1/83,,N/A,2,49647.14,46992.02,Joseph Cagle,865 548-2428,ACTV,18,Engineering
50160700,BEO,Biosystems Engineering and Soil Sciences Office Building,2506 E J Chapman Drive,KNOXVILLE,1/1/40,,N/A,4,17111.71,14383.46,Joseph Cagle,865 548-2428,ACTV,30,Office - 1
50144600,GFT,Blackburn-Furrow Golf Facility,1745 Eagle Flight Way,KNOXVILLE,5/10/18,6/1/18,MIXED,2,11566.29,10134.8,Scott Zurcher,865 974-1224,ACTV,67,Athletic Facilities
50110700,BLH,Blount Hall,1534 White Avenue,KNOXVILLE,1/1/75,,BRICK,5,40603.8,36064.99,Renee Thomas,865 974-1844,ACTV,30,Office - 1
50161200,BAS,Brehm Animal Science Building,2506 River Drive,KNOXVILLE,1/1/12,,N/A,4,112912.38,98285.83,Joseph Cagle,865 548-2428,ACTV,17,Science - 4
50136910,LAC,Brenda Lawson Athletic Center,1551 Lake Loudoun Boulevard,KNOXVILLE,1/1/05,,BRICK,4,46058.42,39466.56,Matthew Hollifield,865 974-1224,ACTV,67,Athletic Facilities
50117000,BGB,Burchfiel Geography Building,1000 Phillip Fulmer Way,KNOXVILLE,1/1/99,,BRICK,5,34015.7,30166.53,Liem Tran,865 974-6034,ACTV,11,Classroom - 2
50126300,INC,Business Incubator,2450 E J Chapman Drive,KNOXVILLE,1/1/07,6/1/07,N/A,2,15946.32,14039.46,Shelby Miller,865 974-1882,ACTV,62,Incubation Center
50164900,BUT,Butler Building,2618 Morgan Circle Drive,KNOXVILLE,1/1/48,,N/A,1,731.37,686.06,Joseph Cagle,865 548-2428,ACTV,23,Research Lab 1
50166100,CRB,CRC Bioenergy Science and Technology Unit,2500 Jacob Drive,KNOXVILLE,1/1/01,,N/A,2,10615.61,9191.76,Joseph Cagle,865 548-2428,ACTV,15,Science - 2
50166000,CRM,CRC Material Science and Technology Unit,2506 Jacob Drive,KNOXVILLE,1/1/01,,N/A,2,15592.36,14097.46,Joseph Cagle,865 548-2428,ACTV,15,Science - 2
50118300,CRH,Carriage House,1410 White Avenue,KNOXVILLE,1/1/81,,BRICK,2,3424.48,2921.34,Tyler Schlandt,865 974-8858,ACTV,55,Warehouse / Storage - 3
50122800,CHN,Carrick Hall North,1021 Frances Street,KNOXVILLE,1/1/66,,BRICK,14,107050.78,88701.02,Michael West,865 974-2397,ACTV,70,Dormitory
50123100,CHS,Carrick Hall South,1023 Frances Street,KNOXVILLE,1/1/66,,BRICK,0,120126.3,101193.31,Michael West,865 974-2397,ACTV,70,Dormitory
50169600,CGH,Central Greenhouse,2402 E J Chapman Drive,KNOXVILLE,1/1/08,,N/A,1,9994.22,9153.11,Lori Osburn,865 776-3668,ACTV,49,Greenhouse - 2
50168100,CRA,Ceramics Annex,2610 Morgan Circle,KNOXVILLE,1/1/20,,N/A,2,2799,2336.99,Sally Brogden,865 974-6668,ACTV,26,Art - Studio
50113000,CER,Ceramics Building,1719 Volunteer Boulevard,KNOXVILLE,1/1/82,,CONCRETE,1,5803.39,5139.23,Sally Brogden,865 974-6668,ACTV,26,Art - Studio
50144900,COS,Chi Omega Sorority,2630 Ann Baker Furrow Blvd,KNOXVILLE,1/1/12,,BRICK,3,17716,15944,Jennifer Thomas,865 974-2236,ACTV,70,Dormitory
50122400,CBT,Clarence Brown Theatre,1714 Andy Holt Avenue,KNOXVILLE,1/1/68,,N/A,4,51192.3,44164.93,Susan McMillan,865 974-6011,ACTV,27,Art - Performance
50110400,CLK,Clock Tower,Volunteer Blvd,KNOXVILLE,1/1/92,,BRICK,1,0,0,Derek Bailey,865 659-6377,ACTV,78,Other Auxiliary
50113300,CMM,Communication & Information Building,1345 Circle Park,KNOXVILLE,1/1/66,,BRICK,5,119608.53,106936.51,John McNair,865 974-6556,ACTV,12,Classroom - 3
50142900,CCB,Conference Center Building,600 Henley Street,KNOXVILLE,1/1/54,12/19/89,BRICK,5,264900.7,237075.99,Barry Neal,865 974-0250,ACTV,31,Office - 2
50132400,CWC,Cowan Cottage,701 16th Street,KNOXVILLE,1/1/40,,BRICK,2,1648,901,Derek Bailey,865 659-6377,ACTV,10,Classroom - 1
50168500,CGL,Crops Genetic Laboratory,2644 Morgan Circle Drive,KNOXVILLE,1/1/35,,N/A,3,5370.26,4623.68,Joseph Cagle,865 548-2428,ACTV,23,Research Lab 1
50113100,DAB,Dabney-Buehler Hall,1416 Circle Drive,KNOXVILLE,1/1/29,,BRICK,14,235605.57,200815.24,Johnny Jones,865 974-3145,ACTV,17,Science - 4
50145800,DDD,Delta Delta Delta Sorority,2620 Ann Baker Furrow Blvd.,KNOXVILLE,1/1/12,,BRICK,3,18000,16200,Jennifer Thomas,865 974-2236,ACTV,70,Dormitory
50146000,DGS,Delta Gamma Sorority,2906 Sorority Village Circle,KNOXVILLE,1/1/13,5/1/13,BRICK,3,14300,12870,Jennifer Thomas,865 974-2236,ACTV,70,Dormitory
50115400,DTD,Delta Tau Delta Fraternity House,1844 Fraternity Park Drive,KNOXVILLE,1/1/65,,BRICK,3,13809.17,11612.33,Jennifer Thomas,865 974-2236,ACTV,70,Dormitory
50145700,DZS,Delta Zeta Sorority,3018 Sorority Village Circle,KNOXVILLE,1/1/12,,BRICK,3,14900,13410,Jennifer Thomas,865 974-2236,ACTV,70,Dormitory
50962200,DGC,Digital Crossing,500 W. Summit Hill Dr.,KNOXVILLE,5/1/07,5/1/07,N/A,1,0,0, ,,ACTV,55,Warehouse / Storage - 3
50135100,DOG,Dogwood Hall,2113 Andy Holt Avenue,KNOXVILLE,12/1/18,,BRICK,5,123759,109524.33,Michael West,865 974-2397,ACTV,70,Dormitory
50113900,DOU,Dougherty Engineering Building,1512 Middle Drive,KNOXVILLE,1/1/61,,BRICK,8,128988.69,115634.02,Ruthann Moyers,865 974-5290,ACTV,18,Engineering
50117500,DUN,Dunford Hall,915 Volunteer Boulevard,KNOXVILLE,1/1/63,,BRICK,8,83728.1,71656.07,Kim Harrison,865 974-7079,ACTV,30,Office - 1
50170700,JRB,ETREC Johnson Animal Research Building,1750 Alcoa Highway,KNOXVILLE,1/1/98,,N/A,3,50991.34,46675.76,Ethan Parker,,ACTV,24,Research Lab 2
50123400,EL1,Early Learning Center,2010 Lake Avenue,KNOXVILLE,1/1/07,8/20/07,BRICK,1,3394.17,3015.61,Tammy Sommers,865 974-4062,ACTV,35,Other Academic - 2
50118100,ELC,Early Learning Center - Research & Practice,1206 White Avenue,KNOXVILLE,1/1/37,,BRICK,3,8601.87,7497.96,Tammy Sommers,865 974-4062,ACTV,35,Other Academic - 2
50123610,ESK,East Skybox and Pressbox,1020 Estabrook Road,KNOXVILLE,1/1/00,,N/A,6,65524.07,54817.19,Jonathan Mary,865 974-1224,ACTV,68,Athletic Support
50162600,EES,Energy & Environmental Science Research Bldg,2431 Joe Johnson Drive,KNOXVILLE,1/1/23,,BRICK,6,161862,0, ,,INAC,17,Science - 4
50166200,ELL,Environment and Landscape Laboratory,2512 Jacob Drive,KNOXVILLE,1/1/01,,N/A,1,7621.1,6952.06,Joseph Cagle,865 548-2428,ACTV,30,Office - 1
50177100,EAB,Equine Animal Building,2033 Medical Center Way,KNOXVILLE,1/1/77,9/18/78,N/A,1,8767,8367.4,William Thomas,865 974-8387,ACTV,24,Research Lab 2
50128000,FSC,Facilities Services Complex,2040 Sutherland Avenue,KNOXVILLE,1/1/08,,MIXED,1,96421.58,92519.15,Derek Bailey,865 659-6377,ACTV,31,Office - 2
50178700,FSB,Feed Storage Building,2027 Medical Center Way,KNOXVILLE,1/1/84,8/4/85,N/A,1,3200,3199,William Thomas,865 974-8387,ACTV,46,Farm Building - 1
50114900,FER,Ferris Hall,1508 Middle Drive,KNOXVILLE,1/1/30,,BRICK,6,48629.4,41775.8,Veerle Keppens,865 974-5336,ACTV,18,Engineering
50139700,FCM,Fibers & Composites Manufacturing Facility & Eng. Annex,1321 White Avenue,KNOXVILLE,1/1/90,,BRICK,2,18997.56,14664.27,William Dunne,865 974-5321,ACTV,18,Engineering
50141000,FPS,Fireproof Storage,201-211 Randolph Street,KNOXVILLE,4/1/75,,N/A,1,9000,8999, ,,ACTV,55,Warehouse / Storage - 3
50120200,FLT,Fleet Management,1201 UT Drive,KNOXVILLE,1/1/66,,MIXED,1,10745.39,10585.14,Samuel Parcell,865 974-2134,ACTV,31,Office - 2
50177000,FAR,Food Animal Research Building (CVM),2031 Medical Center Way,KNOXVILLE,1/1/77,,N/A,1,7997,2627.9,William Thomas,865 974-8387,ACTV,24,Research Lab 2
50161300,FSP,Food Safety and Processing Building,2600 River Drive,KNOXVILLE,1/1/48,,N/A,2,22604.55,20021.03,Joseph Cagle,865 548-2428,ACTV,17,Science - 4
50161400,FSB,Food Science Building,2510 River Drive,KNOXVILLE,1/1/12,12/15/12,BRICK,4,35449.25,31533.94,Joseph Cagle,865 548-2428,ACTV,17,Science - 4
50169400,H17,Forest Genetics Greenhouse #17,2408 E J Chapman Drive,KNOXVILLE,1/1/92,5/1/92,N/A,1,2359.15,2204.79,Joseph Cagle,865 548-2428,ACTV,48,Greenhouse - 1
50113500,CLE,Frank G Clement Hall,1629 West Cumberland Avenue,KNOXVILLE,1/1/64,,BRICK,10,162428.14,138023.43,Michael West,865 974-2397,ACTV,70,Dormitory
50119500,MCM,Frank H McClung Museum of Natural History and Culture,1327 Circle Park,KNOXVILLE,1/1/60,,BRICK,3,38472.18,33987.73,Claudio Gomez Papic,865 974-2144,ACTV,35,Other Academic - 2
50112100,BRW,Fred D Brown Jr Residence Hall,1817 Andy Holt Avenue,KNOXVILLE,1/1/15,,BRICK,8,278133.8,243802.54,Michael West,865 974-2397,ACTV,70,Dormitory
50111100,FBC,Frieson Black Cultural Center,1800 Melrose Avenue,KNOXVILLE,1/1/02,,BRICK,2,14686.87,12801.7,Robert Hill,865 974-6861,ACTV,40,Student Center
50166400,GDP,Garden Pavilion,100 Jacob Drive,KNOXVILLE,1/1/17,,BRICK,1,2900,2899,Joseph Cagle,865 548-2428,ACTV,35,Other Academic - 2
50138800,GEI,Geier Hall,858 20th Street,KNOXVILLE,1/1/16,9/1/16,BRICK,5,111041.05,94291.33,Michael West,865 974-2397,ACTV,70,Dormitory
50982800,GFB,Golf Facility Building,Eagle Flight Way,KNOXVILLE,1/1/12,6/1/12,N/A,1,672,671,Mark Gossett,865 673-6357,ACTV,68,Athletic Support
50146100,GMB,Golf Maintenance Building,Eagle Flight Way,KNOXVILLE,1/1/13,6/1/13,METAL,1,3000,2999,Mark Gossett,865 673-6357,ACTV,68,Athletic Support
50124000,GTC,Goodfriend Tennis Center,1015 20th Street,KNOXVILLE,1/1/91,,MIXED,2,66034.5,59102.68,Jonathan Mary,865 974-1224,ACTV,67,Athletic Facilities
50163800,H10,Greenhouse #10,2426 E J Chapman Drive,KNOXVILLE,1/1/74,,N/A,1,2037.48,1869.37,Joseph Cagle,865 548-2428,ACTV,48,Greenhouse - 1
50163500,H13,Greenhouse #13,2424 E J Chapman Drive,KNOXVILLE,1/1/74,,N/A,1,2894.83,2650.1,Joseph Cagle,865 548-2428,ACTV,48,Greenhouse - 1
50165800,H14,Greenhouse #14 (Plastic),2414 E J Chapman Drive,KNOXVILLE,1/1/77,1/1/77,N/A,1,3500.66,3292.89,Joseph Cagle,865 548-2428,ACTV,48,Greenhouse - 1
50165600,H15,Greenhouse #15 (Hydroponic),2412 E J Chapman Drive,KNOXVILLE,1/1/78,,N/A,1,144.5,128.92,Joseph Cagle,865 548-2428,ACTV,48,Greenhouse - 1
50169200,H16,Greenhouse #16 (Plastic),2410 E J Chapman Drive,KNOXVILLE,1/1/85,1/1/85,N/A,1,2174.59,2022.71,Joseph Cagle,865 548-2428,ACTV,48,Greenhouse - 1
50165700,GHQ,Greenhouse Quonset (Plastic),Fletcher Luck Lane,KNOXVILLE,1/1/78,,N/A,1,2400,2400,Joseph Cagle,865 548-2428,ACTV,48,Greenhouse - 1
50162500,HTV,Greenhouse TVA,2620 Morgan Circle Drive,KNOXVILLE,1/1/36,,N/A,2,3608.98,3297.42,Joseph Cagle,865 548-2428,ACTV,48,Greenhouse - 1
50117100,GRV,Greve Hall,821 Volunteer Boulevard,KNOXVILLE,1/1/54,,BRICK,8,100138.93,85609.07,Paula Blair,865 974-4371,ACTV,12,Classroom - 3
50129400,HCH,Haslam Music Center Chiller,1741 Volunteer Blvd,KNOXVILLE,6/3/15,6/3/15,N/A,1,1628,1540,Wesley Willoughby,865 771-0467,ACTV,37,Central Plant
50178400,HAB,Hay/Animal Barn,1979 Medical Center Way,KNOXVILLE,1/1/83,9/18/83,N/A,1,4160,1960,William Thomas,865 974-8387,ACTV,46,Farm Building - 1
50121600,HPR,"Health, Physical Education, and Recreation Building",1914 Andy Holt Avenue,KNOXVILLE,1/1/67,,BRICK,4,169316.13,154075.92,Hollie Raynor,865 974-5445,ACTV,32,Physical Education
50127100,HEQ,Heavy Equipment Shop @ Steam Plant,1617 Lake Loudon Boulevard,KNOXVILLE,1/1/97,1/1/97,N/A,1,1877.18,2054.67,Jason Cottrell,865 974-6076,ACTV,38,Physical Plant Service
50117700,HNH,Henson Hall,1618 West Cumberland Avenue,KNOXVILLE,1/1/30,,BRICK,5,34268.07,27764.96,Tiffany Harmon,865 974-3136,ACTV,10,Classroom - 1
50111700,HBG,Hesler Biology Building and Greenhouse,1406 Circle Drive,KNOXVILLE,1/1/35,,BRICK,8,124440.51,117312.68,Daniel Tipton,865 974-4219,ACTV,17,Science - 4
50129300,HGC,Hesler Chiller Building,1406 Circle Drive,KNOXVILLE,8/14/02,8/14/02,BRICK,1,1633,0,Wesley Willoughby,865 771-0467,ACTV,37,Central Plant
50119900,HES,Hess Hall,1720 Melrose Place,KNOXVILLE,1/1/60,,BRICK,11,222236.51,186550.79,Michael West,865 974-2397,ACTV,70,Dormitory
50131700,HOP,Hopecote,1820 Melrose Avenue,KNOXVILLE,1/1/21,,MASONARY,3,4289.8,3416.47,Derek Bailey,865 659-6377,ACTV,35,Other Academic - 2
50125100,HBC,Howard H Baker Jr Center for Public Policy,1640 Cumberland Ave.,KNOXVILLE,1/1/07,6/1/07,BRICK,3,50497.08,42813.51,Elizabeth Woody,865 974-0931,ACTV,11,Classroom - 2
50118710,HSS,Humanities and Social Sciences Building,1115 Volunteer Boulevard,KNOXVILLE,1/1/65,,BRICK,6,103604.87,94282.74,Cathy Hinkle,865 974-6933,ACTV,11,Classroom - 2
50118730,G01,Humanities and Social Sciences Parking Garage (G1/G2),1115 Volunteer Boulevard,KNOXVILLE,1/1/65,,CONCRETE,2,94615.98,92951.63,Mark Hairr,865 974-6031,ACTV,77,Parking Garage
50920300,HFS,Hydrology Field Station,,KNOXVILLE,4/1/75,,N/A,1,0,0,William Dunne,865 974-5321,ACTV,34,Other Academic -1
50120600,INH,International House,1623 Melrose Place,KNOXVILLE,1/1/96,,BRICK,2,10852.27,9384.58,Derek Bailey,865 659-6377,ACTV,40,Student Center
50132000,IFB,Intramural Fields Central Building,3500 Sutherland Avenue,KNOXVILLE,1/1/13,,BRICK,1,4330.83,3877.31,Sean Basso,865 974-5959,ACTV,65,Recreation Center
50132100,IFM,Intramural Fields Maintenance Building,3500 Sutherland Avenue,KNOXVILLE,1/1/13,,BRICK,1,2191.58,1951.94,Sean Basso,865 974-5959,ACTV,65,Recreation Center
50132200,IFP,Intramural Fields Pavilion,3500 Sutherland Avenue,KNOXVILLE,1/1/13,,BRICK,1,1613.67,1613.67,Sean Basso,865 974-5959,ACTV,65,Recreation Center
50112300,HBB,James A Haslam II Business Building,1000 Volunteer Boulevard,KNOXVILLE,1/1/50,,BRICK,5,184280.94,161109.91,Robert Bledsoe,865 974-8697,ACTV,11,Classroom - 2
50119100,HOS,James D Hoskins Library,1401 Cumberland Avenue,KNOXVILLE,1/1/30,,BRICK,6,123894.56,108882.6,Derek Bailey,865 659-6377,ACTV,13,Classroom - 4
50113800,BEC,Jane and David Bailey Education Complex,1122 Volunteer Boulevard,KNOXVILLE,1/1/83,,BRICK,6,61704.13,54273.96,Hollie Raynor,865 974-5445,ACTV,12,Classroom - 3
50117900,JHB,Jessie W Harris Building,1215 Cumberland Avenue,KNOXVILLE,1/1/26,,BRICK,6,83204.46,67811.22,Hollie Raynor,865 974-5445,ACTV,11,Classroom - 2
50978800,JWL,Jewel Building,525 N. Gay Street,KNOXVILLE,1/1/25,4/1/14,BRICK,2,19937,18884.59,Kevin Stevens,865 974-3267,ACTV,26,Art - Studio
50128700,JVP,Joan Cronan Volleyball Practice Facility,2321 Stephenson Drive,KNOXVILLE,10/27/14,1/1/15,N/A,1,23663.12,19946.83,Jonathan Mary,865 974-1224,ACTV,67,Athletic Facilities
50119200,LIB,John C Hodges Library,1015 Volunteer Boulevard,KNOXVILLE,1/1/66,,BRICK,8,379505.84,346599.48,Tyler Schlandt,865 974-8858,ACTV,29,Library
50112200,TIC,John D Tickle Engineering Building,851 Neyland Drive,KNOXVILLE,1/1/13,,N/A,6,111337.93,96987.91,Samantha Allen,865 974-7727,ACTV,18,Engineering
50116600,KAF,Kappa Alpha Fraternity House,840 20th Street,KNOXVILLE,1/1/12,8/9/12,BRICK,2,8453,7695,Jennifer Thomas,865 974-2236,ACTV,70,Dormitory
50145600,KDS,Kappa Delta Sorority,2515 Ann Baker Furrow Blvd,KNOXVILLE,1/1/12,,BRICK,3,16000,14400,Jennifer Thomas,865 974-2236,ACTV,70,Dormitory
50145500,KKG,Kappa Kappa Gamma Sorority,3010 Sorority Village Circle,KNOXVILLE,1/1/12,,BRICK,3,12400,11160,Jennifer Thomas,865 974-2236,ACTV,70,Dormitory
50116500,KSF,Kappa Sigma Fraternity House,1730 Melrose Place at Lake Avenue,KNOXVILLE,10/1/09,,BRICK,3,23592,18874,Jennifer Thomas,865 974-2236,ACTV,70,Dormitory
50128800,MSS,Ken and Blaire Mossman Building,1311 Cumberland Avenue,KNOXVILLE,1/1/18,,BRICK,6,230008.97,204216.49,Larry McKay,865 974-4378,ACTV,17,Science - 4
50121100,KPB,Kingston Pike Building,2309 Kingston Pike,KNOXVILLE,1/1/85,7/25/06,N/A,2,81984.66,77309.57,Michael Cash,865 974-8414,ACTV,31,Office - 2
50923100,KCS,Knox Civic Coliseum,500 Howard Baker Jr Avenue,KNOXVILLE,4/1/75,,N/A,0,0,0, ,,ACTV,78,Other Auxiliary
50984200,KCC,Knoxville Convention Ctr,701 Henley Str,KNOXVILLE,1/1/00,10/20/14,CONC/STL,2,40000,0, ,,ACTV,78,Other Auxiliary
50176900,LAF,Laboratory Animal Facility,2029 Medical Center Way,KNOXVILLE,1/1/77,9/18/78,N/A,1,9243.06,8382.42,William Thomas,865 974-8387,ACTV,24,Research Lab 2
50117400,EL2,Lake Ave Early Learning Center,2016 Lake Avenue,KNOXVILLE,1/1/11,10/26/11,BRICK,1,4537.86,4100.79,Tammy Sommers,865 974-4062,ACTV,35,Other Academic - 2
50130500,G11,Lake Avenue Parking Garage (G11),1818 Lake Avenue,KNOXVILLE,1/1/99,9/30/00,CONCRETE,6,288345.17,284811.29,Mark Hairr,865 974-6031,ACTV,77,Parking Garage
50115600,LCA,Lambda Chi Alpha Fraternity House,1848 Fraternity Park Drive,KNOXVILLE,1/1/65,,BRICK,3,16297,13435,Jennifer Thomas,865 974-2236,ACTV,70,Dormitory
50118830,LPH,Laurel Apts Pool House,1615 Laurel Avenue,KNOXVILLE,1/1/03,7/1/03,BRICK,1,785.33,645.65,Michael West,865 974-2397,ACTV,78,Other Auxiliary
50134300,LAS,Laurel Avenue Substation,1600 Laurel Avenue,KNOXVILLE,1/1/11,,BRICK,1,2085,0, ,,ACTV,37,Central Plant
50118810,LRH,Laurel Residence Hall,1615 Laurel Avenue,KNOXVILLE,1/1/67,,BRICK,15,293426.94,256263.07,Michael West,865 974-2397,ACTV,71,Apartment Building
50118910,LWT,Law Complex: George C Taylor Wing,1505 Cumberland Avenue,KNOXVILLE,1/1/49,,BRICK,5,51975.42,44578.82,Amber Turner,865 974-6789,ACTV,12,Classroom - 3
50118930,LWL,Law Complex: Law Library and Classroom Addition,1505 Cumberland Avenue,KNOXVILLE,1/1/96,,BRICK,5,124497.07,107883.41,Scott Childs,865 974-6733,ACTV,13,Classroom - 4
50111400,LNS,Lindsey Nelson Stadium,1511 Pat Head Summitt St,KNOXVILLE,1/1/72,,BRICK,3,44481.1,39543.33,Scott Zurcher,865 974-1224,ACTV,67,Athletic Facilities
50135000,MAG,Magnolia Hall,2107 Andy Holt Avenue,KNOXVILLE,12/1/18,,BRICK,5,123016.6,107863.85,Michael West,865 974-2397,ACTV,70,Dormitory
50112800,MSB,Main Substation,1651 Todd Helton Drive,KNOXVILLE,1/1/17,,METAL,1,1120,0,Wesley Willoughby,865 771-0467,ACTV,37,Central Plant
50117300,MSH,Massey Hall,825 Volunteer Boulevard,KNOXVILLE,1/1/59,,BRICK,10,150723.28,113381.84,Michael West,865 974-2397,ACTV,70,Dormitory
50118720,MCT,McClung Tower and Plaza,1115 Volunteer Boulevard,KNOXVILLE,1/1/65,,BRICK,17,98604.88,76743.4,Dianna Beeler,865 974-7035,ACTV,30,Office - 1
50160100,MCH,McCord Hall,2640 Morgan Circle Drive,KNOXVILLE,1/1/47,,N/A,6,42903.86,36888.34,Joseph Cagle,865 548-2428,ACTV,24,Research Lab 2
50119700,MEL,Melrose Hall,1616 Melrose Avenue,KNOXVILLE,1/1/46,,BRICK,6,102432.33,87215.33,Gretchen Neisler,865 974-3177,ACTV,10,Classroom - 1
50132800,MDG,Middle Dr Gate,Middle Drive,KNOXVILLE,1/9/18,1/1/18,N/A,0,1,0,Brian Browning,865 974-3061,ACTV,78,Other Auxiliary
50138400,MID,Middlebrook Building,5723 Middlebrook Pike,KNOXVILLE,1/1/85,,MIXED,2,112263.15,104222.56,Derek Bailey,865 659-6377,ACTV,31,Office - 2
50135300,,Middlebrook Storage Warehouse,5607 Middlebrook Pike,KNOXVILLE,1/1/90,,METAL,1,10000,9500,Derek Bailey,865 659-6377,ACTV,54,Warehouse / Storage - 2
50118200,MKB,Min H Kao Electrical Engineering & Computer Science,1520 Middle Drive,KNOXVILLE,1/1/11,1/11/12,BRICK,7,191425.21,160713.72,Robert Martin,865 974-9023,ACTV,18,Engineering
50160300,MGH,Morgan Hall,2621 Morgan Circle Drive,KNOXVILLE,1/1/21,,N/A,5,86285.13,72997.67,Joseph Cagle,865 548-2428,ACTV,30,Office - 1
50986900,NT3,NTRC-3 (MDF),2350 Cherahala BLvd,KNOXVILLE,1/1/18,,BRICK,1,1,0, ,,ACTV,30,Office - 1
50144500,HMC,Natalie L Haslam Music Center,1741 Volunteer Boulevard,KNOXVILLE,1/1/13,,BRICK,4,135128,116204.19,Lisa Bonds,865 974-7538,ACTV,12,Classroom - 3
50144000,NTR,National Transportation Research Center,2360 Cherahala Boulevard,KNOXVILLE,4/1/75,,N/A,2,14261.56,13040.01,William Dunne,865 974-5321,ACTV,31,Office - 2
50136900,NSC,Neyland-Thompson Sports Center,1704 Johnny Majors Drive,KNOXVILLE,1/1/90,,N/A,3,169649.41,161312.51,Matthew Hollifield,865 974-1224,ACTV,67,Athletic Facilities
50121700,PHY,Nielsen Physics Building,1408 Circle Drive,KNOXVILLE,1/1/60,,N/A,7,65354.57,57271.11,Katherine Grzywacz-Jones,865 974-4022,ACTV,15,Science - 2
50163900,GHN,North Greenhouse,2428 E J Chapman Drive,KNOXVILLE,1/1/11,10/1/11,N/A,2,11474.27,10178.15,Lori Osburn,865 776-3668,ACTV,49,Greenhouse - 2
50116900,NEB,Nursing Education Building,1412 Circle Drive,KNOXVILLE,1/1/29,,N/A,6,44540.6,40828.43,Lindsay Burke-Melton,865 974-5769,ACTV,18,Engineering
50129200,OED,Office of Equity and Diversity,1840 Melrose Avenue,KNOXVILLE,1/1/40,,N/A,4,7659.18,6223.33,Tina Smith,865 974-2498,ACTV,30,Office - 1
50121300,PAN,Panhellenic Building,1531 Cumberland Avenue,KNOXVILLE,1/1/63,,N/A,4,51464.08,46307.01,Derek Bailey,865 659-6377,ACTV,30,Office - 1
50991100,PLC,Pediatric Language Clinic,2023 Lake Avenue,KNOXVILLE,1/1/20,8/3/20,BRICK,3,4679.9,4106.11,Lydia Barry,865 974-6702,ACTV,31,Office - 2
50121500,PER,Perkins Hall,1506 Middle Drive,KNOXVILLE,1/1/48,,N/A,6,80811.83,72141.32,William Dunne,865 974-5321,ACTV,18,Engineering
50115700,PGP,Phi Gamma Delta Fraternity House,1836 Fraternity Park Drive,KNOXVILLE,1/1/65,,BRICK,3,14906.01,11699,Jennifer Thomas,865 974-2236,ACTV,70,Dormitory
50115500,PKP,Phi Kappa Psi Fraternity House,1804 Fraternity Park Drive,KNOXVILLE,1/1/65,,BRICK,3,10387,9402,Jennifer Thomas,865 974-2236,ACTV,70,Dormitory
50145400,PMU,Phi Mu Sorority,2610 Ann Baker Furrow Blvd,KNOXVILLE,1/1/12,,BRICK,2,12000,10800,Jennifer Thomas,865 974-2236,ACTV,70,Dormitory
50113700,CLX,Philander P Claxton Education Building,1122 Volunteer Boulevard,KNOXVILLE,1/1/56,,BRICK,5,94562.32,81861.44,Hollie Raynor,865 974-5445,ACTV,12,Classroom - 3
50145900,PBP,Pi Beta Phi Sorority,3006 Sorority Village Circle,KNOXVILLE,1/1/12,,BRICK,3,14000,12600,Jennifer Thomas,865 974-2236,ACTV,70,Dormitory
50115900,PKA,Pi Kappa Alpha Fraternity House,1820 Fraternity Park Drive,KNOXVILLE,1/1/65,,BRICK,3,14518.99,11577,Jennifer Thomas,865 974-2236,ACTV,70,Dormitory
50116400,PKF,Pi Kappa Phi Fraternity House,1828 Fraternity Park Drive,KNOXVILLE,1/1/65,,BRICK,2,10021,8610,Jennifer Thomas,865 974-2236,ACTV,70,Dormitory
50162400,PBB,Plant Biotechnology Building,2505 E J Chapman Drive,KNOXVILLE,1/1/03,11/7/03,N/A,6,148700.26,134153.39,Joseph Cagle,865 548-2428,ACTV,17,Science - 4
50169500,PPB,Plant Propagation Building,2405 Fletcher Luck Ln,KNOXVILLE,1/1/95,11/1/95,N/A,1,3634.44,3323.76,Joseph Cagle,865 548-2428,ACTV,23,Research Lab 1
50122000,PRT,Pratt Pavilion,1610 Lake Loudoun Boulevard,KNOXVILLE,1/1/07,11/1/07,BRICK,3,76456.13,69260.54,Scott Zurcher,865 974-1224,ACTV,67,Athletic Facilities
50122900,PRS,Presidential Court,1017 Frances Street,KNOXVILLE,1/1/66,,BRICK,4,77017.93,70262.88,Brian Browning,865 974-3061,ACTV,78,Other Auxiliary
50120100,PFP,Presidential Fire Pump Building,,KNOXVILLE,1/1/09,,N/A,1,838.01,685.09,Michael West,865 974-2397,ACTV,78,Other Auxiliary
50169100,PUB,Publications and Services Building,2412 Fletcher Luck Lane,KNOXVILLE,1/1/77,,N/A,1,10020.63,9438.52,Joseph Cagle,865 548-2428,ACTV,55,Warehouse / Storage - 3
50160200,RAC,Racheff Research,2519 Fletcher Luck Lane,KNOXVILLE,1/1/89,3/1/89,N/A,1,6246.32,5974.91,Joseph Cagle,865 548-2428,ACTV,49,Greenhouse - 2
50120700,RAD,Radiological Safety,2060 Medical Center Way,KNOXVILLE,1/1/60,,BLOCK,1,2074.06,1858.47,Marsha Smith,865 974-0848,ACTV,54,Warehouse / Storage - 2
50122700,REE,Reese Hall,1910 Caledonia Avenue,KNOXVILLE,1/1/65,,BRICK,9,110532,93232.19,Michael West,865 974-2397,ACTV,70,Dormitory
50122710,RHC,Reese Hall Chiller,1910 Caledonia Avenue,KNOXVILLE,1/1/94,,BRICK,1,2773.23,2512.92,Wesley Willoughby,865 771-0467,ACTV,78,Other Auxiliary
50126200,RSS,Regal Soccer Stadium,2317 Stephenson Drive,KNOXVILLE,1/1/06,12/1/06,BRICK,2,17123.3,14335.14,Jonathan Mary,865 974-1224,ACTV,67,Athletic Facilities
50126400,RTT,Richland Tower Transmitter Building,1210 Broadcast Way,KNOXVILLE,12/31/99,,N/A,1,600,600,Timothy Berry,865 974-5039,ACTV,35,Other Academic - 2
50138900,ROB,Robinson Hall,862 20th Street,KNOXVILLE,1/1/16,8/1/16,BRICK,5,82646.27,69921.06,Michael West,865 974-2397,ACTV,70,Dormitory
50134900,RTD,Rocky Top Dining Hall,1917 Andy Holt Avenue,KNOXVILLE,8/1/22,,BRICK,3,74673,136,Brian Browning,865 974-3061,ACTV,75,Food Service 
50118000,SRF,Science and Engineering Building,1414 Circle Drive,KNOXVILLE,1/1/94,,BRICK,9,251216.34,212605.36,William Dunne,865 974-5321,ACTV,24,Research Lab 2
50983400,SRB,Scottish Rite Building - White Ave,1527 White Avenue,KNOXVILLE,11/14/14,,N/A,1,6402,6402,Brian Browning,865 974-3061,ACTV,55,Warehouse / Storage - 3
50111800,SNT,Senter Hall,1401 White Avenue,KNOXVILLE,1/1/01,,BRICK,1,22267.51,20798.78,William Dunne,865 974-5321,ACTV,18,Engineering
50169300,SHD,Shade House (25X64),2416 E J Chapman Drive,KNOXVILLE,1/1/85,,N/A,1,1600,1560,Joseph Cagle,865 548-2428,ACTV,48,Greenhouse - 1
50120900,SLS,Sherri Parker Lee Stadium,2323 Stephenson Drive,KNOXVILLE,1/1/07,2/1/07,BRICK,3,16456.83,12569.39,Jonathan Mary,865 974-1224,ACTV,67,Athletic Facilities
50120910,LTF,Sherri Parker Lee Stadium-Team Facility,2323 Stephenson Drive,KNOXVILLE,1/1/07,,MIXED,3,7328.02,6364.01,Jonathan Mary,865 974-1224,ACTV,68,Athletic Support
50116000,SAE,Sigma Alpha Epsilon Fraternity House,1808 Fraternity Park Drive,KNOXVILLE,1/1/65,,BRICK,3,14179.99,11272,Jennifer Thomas,865 974-2236,ACTV,70,Dormitory
50116100,SCF,Sigma Chi Fraternity House,1816 Fraternity Park Drive,KNOXVILLE,1/1/65,,BRICK,3,15030,10437,Jennifer Thomas,865 974-2236,ACTV,70,Dormitory
50145300,SSK,Sigma Kappa Sorority,2601 Ann Baker Furrow Blvd,KNOXVILLE,1/1/12,,BRICK,3,13050,13049,Jennifer Thomas,865 974-2236,ACTV,70,Dormitory
50116200,SNU,Sigma Nu Fraternity House,1824 Fraternity Park Drive,KNOXVILLE,1/1/65,,BRICK,2,9560,6400,Jennifer Thomas,865 974-2236,ACTV,70,Dormitory
50116300,SPE,Sigma Phi Epsilon Fraternity House,1832 Fraternity Park Drive,KNOXVILLE,1/1/65,,BRICK,3,15339,11234,Jennifer Thomas,865 974-2236,ACTV,70,Dormitory
50140300,SLB,Silverstein Luper Building,1600 Peyton Manning Pass,KNOXVILLE,1/1/60,,BRICK,3,12236.14,9943.63,Allison Wegman,865 974-5451,ACTV,12,Classroom - 3
50176800,RMF,Small Ruminants Facility,1971 Medical Center Way,KNOXVILLE,10/1/16,1/1/17,METAL,1,2400,2300,William Thomas,865 974-8387,ACTV,46,Farm Building - 1
50145100,SVC,Sorority Village Center,2629 Ann Baker Furrow Blvd,KNOXVILLE,1/1/12,,BRICK,2,4905,5236.75,Jennifer Thomas,865 974-2236,ACTV,30,Office - 1
50123300,STH,South College,1413 Circle Drive,KNOXVILLE,1/1/72,,BRICK,4,15106.95,12054.27,Katherine Grzywacz-Jones,865 974-4022,ACTV,10,Classroom - 1
50165900,SGH,South Greenhouse,2514 Jacob Drive,KNOXVILLE,1/1/09,,N/A,1,17513.76,15907.58,Lori Osburn,865 776-3668,ACTV,49,Greenhouse - 2
50123500,SSH,South and East Stadium,1425 Tee Martin Drive,KNOXVILLE,1/1/36,,BRICK,5,290051.09,247453.12,Derek Bailey,865 659-6377,ACTV,67,Athletic Facilities
50131300,BSP,Specialties Shop (Concord Building 21-22),555 Concord Street,KNOXVILLE,1/1/80,,N/A,1,4900,0,Derek Bailey,865 659-6377,ACTV,38,Physical Plant Service
50137500,G10,Stadium Drive Parking Garage (G10),1500 Phillip Fulmer Way,KNOXVILLE,1/1/90,9/1/90,CONCRETE,5,633093.07,614457.75,Mark Hairr,865 974-6031,ACTV,77,Parking Garage
50123900,STP,Steam Plant,1617 Lake Loudoun Boulevard,KNOXVILLE,1/1/64,,BRICK,4,42180.65,37309.05,Tommy Oakley,865 964-1558,ACTV,37,Central Plant
50123200,SPC,Steam Plant Coal Conveyor Shed,1617 Lake Loudoun  Boulevard,KNOXVILLE,1/1/97,,N/A,1,100,80,Tommy Oakley,865 964-1558,ACTV,37,Central Plant
50123910,SPG,Steam Plant Gear Switching/Turbine Building,1617 Lake Loudoun  Boulevard,KNOXVILLE,1/1/96,,N/A,1,1848.24,1581.63,Tommy Oakley,865 964-1558,ACTV,37,Central Plant
50134000,SGL,Steam Plant Lower Access Gate,Lake Loudon Blvd,KNOXVILLE,10/30/18,,METAL,0,1,0,Derek Bailey,865 659-6377,ACTV,78,Other Auxiliary
50134100,SGU,Steam Plant Upper Access Gate,Lake Loudoun Blve,KNOXVILLE,10/30/18,,METAL,0,1,0,Derek Bailey,865 659-6377,ACTV,78,Other Auxiliary
50113400,STK,Stokely Hall,1311 Lake Loudoun Blvd,KNOXVILLE,1/1/16,1/1/17,BRICK,8,371384.11,318506.64,Michael West,865 974-2397,ACTV,70,Dormitory
50112400,SMC,Stokely Management Center,916 Volunteer Boulevard,KNOXVILLE,1/1/73,,BRICK,10,117264.27,98914.55,Robert Bledsoe,865 974-8697,ACTV,12,Classroom - 3
50165500,STB,Storage Building,2616 Morgan Circle Drive,KNOXVILLE,1/1/27,,N/A,1,240,240,Joseph Cagle,865 548-2428,ACTV,55,Warehouse / Storage - 3
50112600,STG,Strong Hall,1621 Cumberland Avenue,KNOXVILLE,12/6/17,,BRICK,8,271492.73,231670.65,Colin Sumrall,865 974-0400,ACTV,17,Science - 4
50120500,AQU,Student Aquatic Center,2106 Andy Holt Avenue,KNOXVILLE,1/1/65,,MIXED,3,70927.84,64847.31,Sean Basso,865 974-5959,ACTV,65,Recreation Center
50126600,SHC,Student Health Center,1800 Volunteer Blvd,KNOXVILLE,1/1/11,1/15/12,BRICK,4,111496.84,100915.81,Darrell Brackett,865 974-2253,ACTV,61,Infirmary & Clinics
50124800,REC,Student Recreational and Fitness Center,2111 Volunteer Boulevard,KNOXVILLE,1/1/03,,BRICK,3,149147.45,137124.65,Sean Basso,865 974-5959,ACTV,65,Recreation Center
50110210,SSB,Student Services Building,1331 Circle Park,KNOXVILLE,1/1/68,,BRICK,4,86817.05,77305.83,Francisco Cuevas,865 974-7449,ACTV,30,Office - 1
50129000,SU1,Student Union - Phase I,1502 Cumberland Avenue,KNOXVILLE,1/1/15,6/1/15,BRICK,5,139708.39,125478.48,Alison Ward,865 974-3692,ACTV,40,Student Center
50129100,SU2,Student Union - Phase II,1502 Cumberland Avenue,KNOXVILLE,1/1/19,,BRICK,5,237905.51,210161.28,Alison Ward,865 974-3692,ACTV,40,Student Center
50133700,TE1,TEMA Building 1 (Concord Building 2),555 Concord Street,KNOXVILLE,1/1/50,,METAL,1,7560,0,Derek Bailey,865 659-6377,ACTV,55,Warehouse / Storage - 3
50133900,TB2,TEMA Building 2 (Concord Building 7),555 Concord Street,KNOXVILLE,1/1/50,,METAL,1,1600,0,Derek Bailey,865 659-6377,ACTV,32,Physical Education
50124400,TEM,Temple Hall,1818 Andy Holt Avenue,KNOXVILLE,1/1/73,,N/A,3,15725.47,13449.63,Jessica Budke,865 974-6204,ACTV,15,Science - 2
50132700,G17,Terrace Avenue Garage (G17),1825 Terrace Avenue,KNOXVILLE,1/1/18,,CONCRETE,8,352224.8,0,Mark Hairr,865 974-6031,ACTV,77,Parking Garage
50161800,TCB,Third Creek Building,2415 Fletcher Luck Lane,KNOXVILLE,1/1/20,,BRICK,2,20000,19437.42,Joseph Cagle,865 548-2428,ACTV,31,Office - 2
50129500,TBC,Thompson Boling Cooling Tower Building,1600 Philip Fulmer Way,KNOXVILLE,12/1/87,12/1/87,CONCRETE,1,3618,3480,Wesley Willoughby,865 771-0467,ACTV,38,Physical Plant Service
50139400,TBA,Thompson-Boling Assembly Center and Arena,1600 Phillip Fulmer Way,KNOXVILLE,1/1/87,12/1/87,N/A,9,449979.25,414982.9,Jason Pedone,865 974-0953,ACTV,67,Athletic Facilities
50111600,THO,Thornton Athletics Student Life Center,1801 Volunteer Drive,KNOXVILLE,1/1/00,,N/A,4,29129.71,25564.23,Marshall Steward,865 974-1250,ACTV,68,Athletic Support
50139900,EBP,Tom & Elaine Edwards Band Practice Facility,2100 Andy Holt Blvd,KNOXVILLE,10/2/20,,METAL,1,3364.73,3059.62,Kathryn Locke,865 974-0492,ACTV,34,Other Academic -1
50123810,TB1,Tom Black Track Facilities Building,1809 Volunteer Blvd,KNOXVILLE,1/1/90,,N/A,1,1291.4,980.23,Scott Zurcher,865 974-1224,ACTV,68,Athletic Support
50123800,TB2,Tom Black Track Pressbox,1809 Volunteer Blvd,KNOXVILLE,1/1/90,,N/A,1,366.88,308.51,Scott Zurcher,865 974-1224,ACTV,68,Athletic Support
50133600,TB3,Tom Black Track Pressbox Addition,1809 Volunteer Blvd,KNOXVILLE,1/1/18,,METAL,1,2862,0,Scott Zurcher,865 974-1224,ACTV,68,Athletic Support
50123700,TB4,Tom Black Track Storage Building,1809 Volunteer Blvd,KNOXVILLE,1/1/79,,N/A,1,613.56,451.56,Scott Zurcher,865 974-1224,ACTV,68,Athletic Support
50133500,TB5,Tom Black Track Team Building,1809 Volunteer Blvd,KNOXVILLE,1/1/18,,BRICK,2,4888,0,Scott Zurcher,865 974-1224,ACTV,67,Athletic Facilities
50114300,TYS,Tyson Alumni Center,1609 Melrose Avenue,KNOXVILLE,1/1/01,,N/A,4,17365.71,14629.28,Eric Haag,865 974-0777,ACTV,30,Office - 1
50139800,CFB,UT Compost Facility Office,1657 Cherokee Trail,KNOXVILLE,1/1/10,5/1/21,METAL,1,113,100,Jay Price,865 974-3480,ACTV,30,Office - 1
50134400,CIC,UT Culinary Institute and Creamery,2712 Neyland Drive,KNOXVILLE,1/1/40,,N/A,3,21060.36,18303.73,Brian Browning,865 974-3061,ACTV,35,Other Academic - 2
50119300,UDA,UT Drive Services Building A,2233 Volunteer Boulevard,KNOXVILLE,1/1/58,,BRICK,3,22260.8,20029.79,Derek Bailey,865 659-6377,ACTV,26,Art - Studio
50119600,UDB,UT Drive Services Building B,2233 Volunteer Boulevard,KNOXVILLE,1/1/75,,N/A,2,28950.2,28874.29,Derek Bailey,865 659-6377,ACTV,12,Classroom - 3
50119800,UDC,UT Drive Services Building C,2233 Volunteer Boulevard,KNOXVILLE,1/1/80,,N/A,1,3766.68,3448.63,Derek Bailey,865 659-6377,ACTV,10,Classroom - 1
50164200,UGS,UT Gardens Support,2427 Fletcher Luck Lane,KNOXVILLE,1/1/60,,N/A,1,1220.83,1092.75,Joseph Cagle,865 548-2428,ACTV,54,Warehouse / Storage - 2
50125700,AMM,UT Institute for Advanced Materials & Manufacturing,2641 Osprey Vista Way,KNOXVILLE,6/1/16,6/1/16,N/A,3,151500.53,131511.27,Jonathan Phipps,865 974-7181,ACTV,24,Research Lab 2
50137800,UWH,UT Warehouse,2121 Stephenson Drive,KNOXVILLE,1/1/95,,N/A,2,203523.33,199418.72,Derek Bailey,865 659-6377,ACTV,55,Warehouse / Storage - 3
50112500,CTH,Ula Love Doughty Carousel Theatre,1710 Andy Holt Avenue,KNOXVILLE,1/1/52,,N/A,2,7222.04,6635.19,Susan McMillan,865 974-6011,ACTV,27,Art - Performance
50983700,UCV,University Commons - VolShop,3509 - 2517 University Commons Way,KNOXVILLE,7/1/14,7/15/14,BRICK,1,6495.99,6206.93,Brian Browning,865 974-3061,ACTV,78,Other Auxiliary
50169000,VMC,Veterinary Medical Center,2407 River Drive,KNOXVILLE,1/1/75,,N/A,5,359324.55,334880.51,William Thomas,865 974-8387,ACTV,13,Classroom - 4
50113200,VPC,Visitor Parking Information Center,1600 Volunteer Boulevard,KNOXVILLE,1/1/76,,N/A,1,109.08,74.27,Mark Hairr,865 974-6031,ACTV,78,Other Auxiliary
50130700,VSC,Vol Shop - Cumberland,1655 Cumberland Avenue,KNOXVILLE,8/30/14,8/30/14,N/A,2,6706.98,5916.55,Brian Browning,865 974-3061,ACTV,78,Other Auxiliary
50132500,G16,Volunteer Boulevard Parking Garage (G16),1720 Volunteer Blvd,KNOXVILLE,8/1/16,8/1/16,CONCRETE,6,331000,331000,Troy Lane,865 974-6631,ACTV,77,Parking Garage
50981300,VCU,Volunteer Condos Units 1-6,"904, 906, 908, 910, 912 & 914 22nd Street",KNOXVILLE,1/1/01,,WOOD,3,7350,6615,Michael West,865 974-2397,ACTV,71,Apartment Building
50126500,VOL,Volunteer Hall,1527 White Avenue,KNOXVILLE,1/1/01,,N/A,12,742382,712322.54,Michael West,865 974-2397,ACTV,71,Apartment Building
50120400,JAQ,W Allan Jones Intercollegiate Aquatic Center,2200 Andy Holt Avenue,KNOXVILLE,1/1/08,,BRICK,3,83009.51,72764.37,Scott Zurcher,865 974-1224,ACTV,67,Athletic Facilities
50125000,WTB,WUOT Transmitter Building,Sharp's Ridge Memorial Drive,KNOXVILLE,1/1/66,,N/A,1,600,600,Timothy Berry,865 974-5039,ACTV,35,Other Academic - 2
50119400,WAB,Walters Academic Building,1414 West Cumberland Avenue,KNOXVILLE,1/1/73,,N/A,5,157651.12,131060.29,Larry McKay,865 974-4378,ACTV,17,Science - 4
50143900,WBB,Wayne G Basler Boathouse,900 Neyland Drive,KNOXVILLE,4/1/75,,N/A,2,20232.16,18537.88,Karla Sass,865 546-4410,ACTV,67,Athletic Facilities
50121200,G07,West Campus Parking Garage (G7),2401 Volunteer Boulevard,KNOXVILLE,1/1/77,,N/A,4,265490.46,260799.72,Mark Hairr,865 974-6031,ACTV,77,Parking Garage
50123600,WSA,West Skybox Addition,1425 Tee Martin Drive,KNOXVILLE,1/1/61,,N/A,10,135177.43,104053.96,Jonathan Mary,865 974-1224,ACTV,68,Athletic Support
50137700,G12,White Avenue Parking Garage (G12),1621 White Avenue,KNOXVILLE,1/1/95,,N/A,5,278431.99,272843,Mark Hairr,865 974-6031,ACTV,77,Parking Garage
50112000,BAC,William Bass Anthropology Center,2066 Medical Center Way,KNOXVILLE,1/1/11,10/26/11,BRICK,1,5082,4369.19,Lee Jantz,865 974-4408,ACTV,15,Science - 2
50113600,ZEC,Zeanah Engineering Complex,863 Neyland Drive,KNOXVILLE,6/1/21,,BRICK,8,219000,218009.9,William Dunne,865 974-5321,ACTV,18,Engineering
50144700,ZTA,Zeta Tau Alpha Sorority,2600 Ann Baker Furrow Blvd,KNOXVILLE,1/1/12,,BRICK,3,19546,17591,Jennifer Thomas,865 974-2236,ACTV,70,Dormitory